{
	"info": {
		"_postman_id": "f4239cdb-acac-4896-9e33-c4c3d313e071",
		"name": "WeatherForecast",
		"schema": "https://schema.getpostman.com/json/collection/v2.1.0/collection.json"
	},
	"item": [
		{
			"name": "Post",
			"request": {
				"method": "POST",
				"header": [],
				"body": {
					"mode": "raw",
					"raw": "[\r\n    {\r\n        \"location\": \"Los Angeles\",\r\n        \"date\": \"2020-05-07T19:42:27.8995661+02:00\",\r\n        \"temperatureC\": 32,\r\n        \"temperatureF\": 89,\r\n        \"summary\": \"Sweltering\"\r\n    },\r\n    {\r\n        \"location\": \"Paris\",\r\n        \"date\": \"2020-05-07T19:42:27.9002016+02:00\",\r\n        \"temperatureC\": 20,\r\n        \"temperatureF\": 67,\r\n        \"summary\": \"Mild\"\r\n    },\r\n    {\r\n        \"location\": \"Longyearbyen\",\r\n        \"date\": \"2020-05-07T19:42:27.900205+02:00\",\r\n        \"temperatureC\": -11,\r\n        \"temperatureF\": 13,\r\n        \"summary\": \"Balmy\"\r\n    },\r\n    {\r\n        \"location\": \"Dubai\",\r\n        \"date\": \"2020-05-07T19:42:27.9002054+02:00\",\r\n        \"temperatureC\": 49,\r\n        \"temperatureF\": 120,\r\n        \"summary\": \"Chilly\"\r\n    },\r\n    {\r\n        \"location\": \"Madrid\",\r\n        \"date\": \"2020-05-07T19:42:27.9002057+02:00\",\r\n        \"temperatureC\": 29,\r\n        \"temperatureF\": 84,\r\n        \"summary\": \"Mild\"\r\n    }\r\n]",
					"options": {
						"raw": {
							"language": "json"
						}
					}
				},
				"url": {
					"raw": "localhost:5000/weatherforecast",
					"host": [
						"localhost"
					],
					"port": "5000",
					"path": [
						"weatherforecast"
					]
				}
			},
			"response": []
		}
	],
	"protocolProfileBehavior": {}
}